{
    "networkMode":"WiFi",
    "ssid":"Yatim K nya Keluarga",
    "password":"1234567890",
    "apSsid":"IoT Node Setup",
    "apPassword":"Medioncare123",
    "dhcpMode":"DHCP",
    "ipAddress":"10.22.7.5",
    "subnet":"255.255.255.0",
    "ipGateway":"10.22.7.1",
    "ipDNS":"10.22.23.24",
    "sendTrig" : "Time/interval",
    "sendInterval":10,
    "protocolMode":"HTTP",
    "endpoint":"https://sensor-logger-trial.medionindonesia.com/api/v1/UpdateLoggingRealtimeList",
    "port":80,
    "pubTopic":"telemetry/Medion",
    "subTopic":"command",
    "mqttUsername":"Medion",
    "mqttPass":"iot@med1on",
    "loggerMode" : 1,
    "modbusMode" : 1,
    "protocolMode2" : "Modbus TCP/IP",
    "modbusPort" : 502,
    "modbusSlaveID" : 150,
    "erpUrl":"https://erp10-api.medionindonesia.com/api/v1/BaqSvc/ANDGETJOBDATALOG?IPParam=10.22.27.106",
    "erpUsername":"em_pnp",
    "erpPassword":"em_pnp2024"
}